[
{
  "model": "contenttypes.contenttype",
  "pk": 12,
  "fields": {
    "app_label": "auctions",
    "model": "profile"
  }
},
{
  "model": "contenttypes.contenttype",
  "pk": 13,
  "fields": {
    "app_label": "auctions",
    "model": "auction"
  }
},
{
  "model": "contenttypes.contenttype",
  "pk": 14,
  "fields": {
    "app_label": "auctions",
    "model": "bid"
  }
},
{
  "model": "contenttypes.contenttype",
  "pk": 15,
  "fields": {
    "app_label": "admin",
    "model": "logentry"
  }
},
{
  "model": "contenttypes.contenttype",
  "pk": 16,
  "fields": {
    "app_label": "auth",
    "model": "permission"
  }
},
{
  "model": "contenttypes.contenttype",
  "pk": 17,
  "fields": {
    "app_label": "auth",
    "model": "group"
  }
},
{
  "model": "contenttypes.contenttype",
  "pk": 18,
  "fields": {
    "app_label": "auth",
    "model": "user"
  }
},
{
  "model": "contenttypes.contenttype",
  "pk": 19,
  "fields": {
    "app_label": "contenttypes",
    "model": "contenttype"
  }
},
{
  "model": "contenttypes.contenttype",
  "pk": 20,
  "fields": {
    "app_label": "sessions",
    "model": "session"
  }
},
{
  "model": "sessions.session",
  "pk": "mjeo1zn1xjd7ul7fkx8b0n0cwsxc3y4n",
  "fields": {
    "session_data": "ODk3YmU2NjJlZTM2N2ZmYjg2ZTJhZGMyNzZiOTAzODFlZWVhOTllYTp7Il9hdXRoX3VzZXJfaWQiOiI1MjkiLCJfYXV0aF91c2VyX2JhY2tlbmQiOiJkamFuZ28uY29udHJpYi5hdXRoLmJhY2tlbmRzLk1vZGVsQmFja2VuZCIsIl9hdXRoX3VzZXJfaGFzaCI6ImI4NGYyN2VhNWIwYzM4NzFmYjU0YTlkZWI4ZmFlODljOGJkZjQ1MTMiLCJsYW5ndWFnZSI6ImVuIn0=",
    "expire_date": "2017-10-26T12:32:34.100Z"
  }
},
{
  "model": "auth.permission",
  "pk": 40,
  "fields": {
    "name": "Can add profile",
    "content_type": 12,
    "codename": "add_profile"
  }
},
{
  "model": "auth.permission",
  "pk": 41,
  "fields": {
    "name": "Can change profile",
    "content_type": 12,
    "codename": "change_profile"
  }
},
{
  "model": "auth.permission",
  "pk": 42,
  "fields": {
    "name": "Can delete profile",
    "content_type": 12,
    "codename": "delete_profile"
  }
},
{
  "model": "auth.permission",
  "pk": 43,
  "fields": {
    "name": "Can add auction",
    "content_type": 13,
    "codename": "add_auction"
  }
},
{
  "model": "auth.permission",
  "pk": 44,
  "fields": {
    "name": "Can change auction",
    "content_type": 13,
    "codename": "change_auction"
  }
},
{
  "model": "auth.permission",
  "pk": 45,
  "fields": {
    "name": "Can delete auction",
    "content_type": 13,
    "codename": "delete_auction"
  }
},
{
  "model": "auth.permission",
  "pk": 46,
  "fields": {
    "name": "Can add bid",
    "content_type": 14,
    "codename": "add_bid"
  }
},
{
  "model": "auth.permission",
  "pk": 47,
  "fields": {
    "name": "Can change bid",
    "content_type": 14,
    "codename": "change_bid"
  }
},
{
  "model": "auth.permission",
  "pk": 48,
  "fields": {
    "name": "Can delete bid",
    "content_type": 14,
    "codename": "delete_bid"
  }
},
{
  "model": "auth.permission",
  "pk": 49,
  "fields": {
    "name": "Can add log entry",
    "content_type": 15,
    "codename": "add_logentry"
  }
},
{
  "model": "auth.permission",
  "pk": 50,
  "fields": {
    "name": "Can change log entry",
    "content_type": 15,
    "codename": "change_logentry"
  }
},
{
  "model": "auth.permission",
  "pk": 51,
  "fields": {
    "name": "Can delete log entry",
    "content_type": 15,
    "codename": "delete_logentry"
  }
},
{
  "model": "auth.permission",
  "pk": 52,
  "fields": {
    "name": "Can add permission",
    "content_type": 16,
    "codename": "add_permission"
  }
},
{
  "model": "auth.permission",
  "pk": 53,
  "fields": {
    "name": "Can change permission",
    "content_type": 16,
    "codename": "change_permission"
  }
},
{
  "model": "auth.permission",
  "pk": 54,
  "fields": {
    "name": "Can delete permission",
    "content_type": 16,
    "codename": "delete_permission"
  }
},
{
  "model": "auth.permission",
  "pk": 55,
  "fields": {
    "name": "Can add group",
    "content_type": 17,
    "codename": "add_group"
  }
},
{
  "model": "auth.permission",
  "pk": 56,
  "fields": {
    "name": "Can change group",
    "content_type": 17,
    "codename": "change_group"
  }
},
{
  "model": "auth.permission",
  "pk": 57,
  "fields": {
    "name": "Can delete group",
    "content_type": 17,
    "codename": "delete_group"
  }
},
{
  "model": "auth.permission",
  "pk": 58,
  "fields": {
    "name": "Can add user",
    "content_type": 18,
    "codename": "add_user"
  }
},
{
  "model": "auth.permission",
  "pk": 59,
  "fields": {
    "name": "Can change user",
    "content_type": 18,
    "codename": "change_user"
  }
},
{
  "model": "auth.permission",
  "pk": 60,
  "fields": {
    "name": "Can delete user",
    "content_type": 18,
    "codename": "delete_user"
  }
},
{
  "model": "auth.permission",
  "pk": 61,
  "fields": {
    "name": "Can add content type",
    "content_type": 19,
    "codename": "add_contenttype"
  }
},
{
  "model": "auth.permission",
  "pk": 62,
  "fields": {
    "name": "Can change content type",
    "content_type": 19,
    "codename": "change_contenttype"
  }
},
{
  "model": "auth.permission",
  "pk": 63,
  "fields": {
    "name": "Can delete content type",
    "content_type": 19,
    "codename": "delete_contenttype"
  }
},
{
  "model": "auth.permission",
  "pk": 64,
  "fields": {
    "name": "Can add session",
    "content_type": 20,
    "codename": "add_session"
  }
},
{
  "model": "auth.permission",
  "pk": 65,
  "fields": {
    "name": "Can change session",
    "content_type": 20,
    "codename": "change_session"
  }
},
{
  "model": "auth.permission",
  "pk": 66,
  "fields": {
    "name": "Can delete session",
    "content_type": 20,
    "codename": "delete_session"
  }
},
{
  "model": "auth.user",
  "pk": 580,
  "fields": {
    "password": "pbkdf2_sha256$36000$4OV2MN0PFgjs$ztlFX37sHpoZHzHFjKJC5IBQcZR8GuM891f6zxk4fok=",
    "last_login": null,
    "is_superuser": true,
    "username": "admin",
    "first_name": "",
    "last_name": "",
    "email": "",
    "is_staff": true,
    "is_active": true,
    "date_joined": "2017-10-12T12:47:21.755Z",
    "groups": [],
    "user_permissions": []
  }
},
{
  "model": "auth.user",
  "pk": 581,
  "fields": {
    "password": "pbkdf2_sha256$36000$SfJE6yfZsZkL$OHdfoiiE7O2zuZJ0iOVHKxbCWwxBRY0OPrt1MqQWgfw=",
    "last_login": null,
    "is_superuser": false,
    "username": "user1",
    "first_name": "",
    "last_name": "",
    "email": "user1@yaas.com",
    "is_staff": false,
    "is_active": true,
    "date_joined": "2017-10-12T12:47:22.059Z",
    "groups": [],
    "user_permissions": []
  }
},
{
  "model": "auth.user",
  "pk": 582,
  "fields": {
    "password": "pbkdf2_sha256$36000$6l6C6B2ZSFt4$Q1XLYF8858nj2ZHkU7W2d0ZxK8qrgsLh7kngmWe4M3s=",
    "last_login": null,
    "is_superuser": false,
    "username": "user2",
    "first_name": "",
    "last_name": "",
    "email": "user2@yaas.com",
    "is_staff": false,
    "is_active": true,
    "date_joined": "2017-10-12T12:47:22.328Z",
    "groups": [],
    "user_permissions": []
  }
},
{
  "model": "auth.user",
  "pk": 583,
  "fields": {
    "password": "pbkdf2_sha256$36000$jePh2DPIVL9R$snQe9hAUq7VpPrNqzi7C5pyZ8t3h6rV6Mh/FfW9Eook=",
    "last_login": null,
    "is_superuser": false,
    "username": "user3",
    "first_name": "",
    "last_name": "",
    "email": "user3@yaas.com",
    "is_staff": false,
    "is_active": true,
    "date_joined": "2017-10-12T12:47:22.605Z",
    "groups": [],
    "user_permissions": []
  }
},
{
  "model": "auth.user",
  "pk": 584,
  "fields": {
    "password": "pbkdf2_sha256$36000$Y3yj4unnDNaM$d5IyB1kWIkLkZMe0YAm5N2tCtOk8ArUXwGp5GFHzBiY=",
    "last_login": null,
    "is_superuser": false,
    "username": "user4",
    "first_name": "",
    "last_name": "",
    "email": "user4@yaas.com",
    "is_staff": false,
    "is_active": true,
    "date_joined": "2017-10-12T12:47:22.870Z",
    "groups": [],
    "user_permissions": []
  }
},
{
  "model": "auth.user",
  "pk": 585,
  "fields": {
    "password": "pbkdf2_sha256$36000$VYLPTRSyox3z$Vm8rkD+z9HrOy29Dk8phqe94DXac3kxEsFmq83Stv8g=",
    "last_login": null,
    "is_superuser": false,
    "username": "user5",
    "first_name": "",
    "last_name": "",
    "email": "user5@yaas.com",
    "is_staff": false,
    "is_active": true,
    "date_joined": "2017-10-12T12:47:23.171Z",
    "groups": [],
    "user_permissions": []
  }
},
{
  "model": "auth.user",
  "pk": 586,
  "fields": {
    "password": "pbkdf2_sha256$36000$0yai94Xtu0ZC$8VVC9zHHplbPdSl19QKo4ppr9uJM3gC8ejBCUytPAZE=",
    "last_login": null,
    "is_superuser": false,
    "username": "user6",
    "first_name": "",
    "last_name": "",
    "email": "user6@yaas.com",
    "is_staff": false,
    "is_active": true,
    "date_joined": "2017-10-12T12:47:23.483Z",
    "groups": [],
    "user_permissions": []
  }
},
{
  "model": "auth.user",
  "pk": 587,
  "fields": {
    "password": "pbkdf2_sha256$36000$G5Z5WmMYuVWS$WEMjiNhUIrin1zmbSIoPF254ZZxIutnAT+IL8fY8Sko=",
    "last_login": null,
    "is_superuser": false,
    "username": "user7",
    "first_name": "",
    "last_name": "",
    "email": "user7@yaas.com",
    "is_staff": false,
    "is_active": true,
    "date_joined": "2017-10-12T12:47:23.782Z",
    "groups": [],
    "user_permissions": []
  }
},
{
  "model": "auth.user",
  "pk": 588,
  "fields": {
    "password": "pbkdf2_sha256$36000$V9Itzq6YvhKe$01H0fQ7OzDeNSDFCas8NcL6xOTeuD10tFn+khBDfeb8=",
    "last_login": null,
    "is_superuser": false,
    "username": "user8",
    "first_name": "",
    "last_name": "",
    "email": "user8@yaas.com",
    "is_staff": false,
    "is_active": true,
    "date_joined": "2017-10-12T12:47:24.092Z",
    "groups": [],
    "user_permissions": []
  }
},
{
  "model": "auth.user",
  "pk": 589,
  "fields": {
    "password": "pbkdf2_sha256$36000$4m30ubAkyo2w$G0+IGITZtLPuilGMQWjZV0hSvMtwI7GDQwzBmYA9SV8=",
    "last_login": null,
    "is_superuser": false,
    "username": "user9",
    "first_name": "",
    "last_name": "",
    "email": "user9@yaas.com",
    "is_staff": false,
    "is_active": true,
    "date_joined": "2017-10-12T12:47:24.366Z",
    "groups": [],
    "user_permissions": []
  }
},
{
  "model": "auth.user",
  "pk": 590,
  "fields": {
    "password": "pbkdf2_sha256$36000$uvGcBhaKZYb0$75zc1q3JbQHTNx+2YhCbj4tjOgYQ7ou6Ii0BfbDhDBY=",
    "last_login": null,
    "is_superuser": false,
    "username": "user10",
    "first_name": "",
    "last_name": "",
    "email": "user10@yaas.com",
    "is_staff": false,
    "is_active": true,
    "date_joined": "2017-10-12T12:47:24.659Z",
    "groups": [],
    "user_permissions": []
  }
},
{
  "model": "auth.user",
  "pk": 591,
  "fields": {
    "password": "pbkdf2_sha256$36000$TA6v5YHvfiqs$fGwcAJ8qBFBI/UH3N2VUqrGcxb+L7FWeqlURzX7zFYo=",
    "last_login": null,
    "is_superuser": false,
    "username": "user11",
    "first_name": "",
    "last_name": "",
    "email": "user11@yaas.com",
    "is_staff": false,
    "is_active": true,
    "date_joined": "2017-10-12T12:47:24.960Z",
    "groups": [],
    "user_permissions": []
  }
},
{
  "model": "auth.user",
  "pk": 592,
  "fields": {
    "password": "pbkdf2_sha256$36000$uASdSeei1HD2$B85oZJBebCi9FQpwMtHyAcKp7IaIT5R0LqWGlawhTnE=",
    "last_login": null,
    "is_superuser": false,
    "username": "user12",
    "first_name": "",
    "last_name": "",
    "email": "user12@yaas.com",
    "is_staff": false,
    "is_active": true,
    "date_joined": "2017-10-12T12:47:25.227Z",
    "groups": [],
    "user_permissions": []
  }
},
{
  "model": "auth.user",
  "pk": 593,
  "fields": {
    "password": "pbkdf2_sha256$36000$yNRdTzraELHH$ImhHh80wtXTulvKFJcVv3wXpVcCekECwohko3EYZfP0=",
    "last_login": null,
    "is_superuser": false,
    "username": "user13",
    "first_name": "",
    "last_name": "",
    "email": "user13@yaas.com",
    "is_staff": false,
    "is_active": true,
    "date_joined": "2017-10-12T12:47:25.505Z",
    "groups": [],
    "user_permissions": []
  }
},
{
  "model": "auth.user",
  "pk": 594,
  "fields": {
    "password": "pbkdf2_sha256$36000$jarLF4apr2xA$eQajos153z8Mm3khzKQkby5NUGDxaZrYRcDXJagxLDo=",
    "last_login": null,
    "is_superuser": false,
    "username": "user14",
    "first_name": "",
    "last_name": "",
    "email": "user14@yaas.com",
    "is_staff": false,
    "is_active": true,
    "date_joined": "2017-10-12T12:47:25.881Z",
    "groups": [],
    "user_permissions": []
  }
},
{
  "model": "auth.user",
  "pk": 595,
  "fields": {
    "password": "pbkdf2_sha256$36000$loXQJSjKwI5Y$ptYYIM3mUhm2OzXRA7uP3IQjiqzqjrsCIM4N6kycr3w=",
    "last_login": null,
    "is_superuser": false,
    "username": "user15",
    "first_name": "",
    "last_name": "",
    "email": "user15@yaas.com",
    "is_staff": false,
    "is_active": true,
    "date_joined": "2017-10-12T12:47:26.415Z",
    "groups": [],
    "user_permissions": []
  }
},
{
  "model": "auth.user",
  "pk": 596,
  "fields": {
    "password": "pbkdf2_sha256$36000$LUetzhuMWtvQ$Nu2egHv1MRsUAhaOeLblbSCwTE6O5voprsgKXd9OhSY=",
    "last_login": null,
    "is_superuser": false,
    "username": "user16",
    "first_name": "",
    "last_name": "",
    "email": "user16@yaas.com",
    "is_staff": false,
    "is_active": true,
    "date_joined": "2017-10-12T12:47:26.704Z",
    "groups": [],
    "user_permissions": []
  }
},
{
  "model": "auth.user",
  "pk": 597,
  "fields": {
    "password": "pbkdf2_sha256$36000$7gHrPtQqDm0O$Bd8iSrzSGpaVwDcQLxGIujXEQEvjTPSLYBmF7G1rMGQ=",
    "last_login": null,
    "is_superuser": false,
    "username": "user17",
    "first_name": "",
    "last_name": "",
    "email": "user17@yaas.com",
    "is_staff": false,
    "is_active": true,
    "date_joined": "2017-10-12T12:47:26.971Z",
    "groups": [],
    "user_permissions": []
  }
},
{
  "model": "auth.user",
  "pk": 598,
  "fields": {
    "password": "pbkdf2_sha256$36000$vbOISxctJOku$wF263ZTsfte4XsKE5qcRGUQ1Lo8C+nksTaNdAkRW6V4=",
    "last_login": null,
    "is_superuser": false,
    "username": "user18",
    "first_name": "",
    "last_name": "",
    "email": "user18@yaas.com",
    "is_staff": false,
    "is_active": true,
    "date_joined": "2017-10-12T12:47:27.238Z",
    "groups": [],
    "user_permissions": []
  }
},
{
  "model": "auth.user",
  "pk": 599,
  "fields": {
    "password": "pbkdf2_sha256$36000$onbRiLYF8kKj$0B4f9NmGms1WUwY5ZXu7BEVVjMagg881Q+bSr4Rri/Y=",
    "last_login": null,
    "is_superuser": false,
    "username": "user19",
    "first_name": "",
    "last_name": "",
    "email": "user19@yaas.com",
    "is_staff": false,
    "is_active": true,
    "date_joined": "2017-10-12T12:47:27.832Z",
    "groups": [],
    "user_permissions": []
  }
},
{
  "model": "auth.user",
  "pk": 600,
  "fields": {
    "password": "pbkdf2_sha256$36000$CZ8cO0ZvaTPl$UX7Qg9GnKW+jnEoe7Z/HCkhld5eFIZYB5eH5GnNPyjU=",
    "last_login": null,
    "is_superuser": false,
    "username": "user20",
    "first_name": "",
    "last_name": "",
    "email": "user20@yaas.com",
    "is_staff": false,
    "is_active": true,
    "date_joined": "2017-10-12T12:47:28.349Z",
    "groups": [],
    "user_permissions": []
  }
},
{
  "model": "auth.user",
  "pk": 601,
  "fields": {
    "password": "pbkdf2_sha256$36000$6tGZJUtPZtf4$WKUXEISQUe/fDX0YIQXNjF6VLtExyfNFG0CiTlFaIMc=",
    "last_login": null,
    "is_superuser": false,
    "username": "user21",
    "first_name": "",
    "last_name": "",
    "email": "user21@yaas.com",
    "is_staff": false,
    "is_active": true,
    "date_joined": "2017-10-12T12:47:28.638Z",
    "groups": [],
    "user_permissions": []
  }
},
{
  "model": "auth.user",
  "pk": 602,
  "fields": {
    "password": "pbkdf2_sha256$36000$38VyS5HBv5eK$fqiORJ88cdN2wWwZuESdywc9kxhYiGhJ7RcXm0/ya1w=",
    "last_login": null,
    "is_superuser": false,
    "username": "user22",
    "first_name": "",
    "last_name": "",
    "email": "user22@yaas.com",
    "is_staff": false,
    "is_active": true,
    "date_joined": "2017-10-12T12:47:28.949Z",
    "groups": [],
    "user_permissions": []
  }
},
{
  "model": "auth.user",
  "pk": 603,
  "fields": {
    "password": "pbkdf2_sha256$36000$i5ALGcYWft1h$GpXswIhW5qfaJj50rwsXy0PQKltIO+5TI0IhhwDQYig=",
    "last_login": null,
    "is_superuser": false,
    "username": "user23",
    "first_name": "",
    "last_name": "",
    "email": "user23@yaas.com",
    "is_staff": false,
    "is_active": true,
    "date_joined": "2017-10-12T12:47:29.216Z",
    "groups": [],
    "user_permissions": []
  }
},
{
  "model": "auth.user",
  "pk": 604,
  "fields": {
    "password": "pbkdf2_sha256$36000$DfmFnUiA2xR1$2xErVhRkqPS/JBPCLUDFyWa7JkFLDG/XEaouSOAgl9E=",
    "last_login": null,
    "is_superuser": false,
    "username": "user24",
    "first_name": "",
    "last_name": "",
    "email": "user24@yaas.com",
    "is_staff": false,
    "is_active": true,
    "date_joined": "2017-10-12T12:47:29.475Z",
    "groups": [],
    "user_permissions": []
  }
},
{
  "model": "auth.user",
  "pk": 605,
  "fields": {
    "password": "pbkdf2_sha256$36000$6z5ob8AvLXN0$csPgYZiXV4GJPpYum5YX8pqJGv2hWBJi/dMUpWpgC2g=",
    "last_login": null,
    "is_superuser": false,
    "username": "user25",
    "first_name": "",
    "last_name": "",
    "email": "user25@yaas.com",
    "is_staff": false,
    "is_active": true,
    "date_joined": "2017-10-12T12:47:29.793Z",
    "groups": [],
    "user_permissions": []
  }
},
{
  "model": "auth.user",
  "pk": 606,
  "fields": {
    "password": "pbkdf2_sha256$36000$ixHh7GBlOUTg$FCPMgGUM0jUcqesBo/bTigtIZaoJpQ6xcj8DVq7cNoY=",
    "last_login": null,
    "is_superuser": false,
    "username": "user26",
    "first_name": "",
    "last_name": "",
    "email": "user26@yaas.com",
    "is_staff": false,
    "is_active": true,
    "date_joined": "2017-10-12T12:47:30.340Z",
    "groups": [],
    "user_permissions": []
  }
},
{
  "model": "auth.user",
  "pk": 607,
  "fields": {
    "password": "pbkdf2_sha256$36000$6VNTEjRQl5BE$AuiK1/A5rk3bOmy6aFiWRIE6dP8N0Gr1qL2SJTQdVMY=",
    "last_login": null,
    "is_superuser": false,
    "username": "user27",
    "first_name": "",
    "last_name": "",
    "email": "user27@yaas.com",
    "is_staff": false,
    "is_active": true,
    "date_joined": "2017-10-12T12:47:30.628Z",
    "groups": [],
    "user_permissions": []
  }
},
{
  "model": "auth.user",
  "pk": 608,
  "fields": {
    "password": "pbkdf2_sha256$36000$ha3IyvB52a2T$s/4FqIkS5rjgBh3QC22vQfQ56tFNNQ11Xqi2Z19rN20=",
    "last_login": null,
    "is_superuser": false,
    "username": "user28",
    "first_name": "",
    "last_name": "",
    "email": "user28@yaas.com",
    "is_staff": false,
    "is_active": true,
    "date_joined": "2017-10-12T12:47:30.916Z",
    "groups": [],
    "user_permissions": []
  }
},
{
  "model": "auth.user",
  "pk": 609,
  "fields": {
    "password": "pbkdf2_sha256$36000$tNHpvCVQYccz$qeFFllTNBZrUpOYnUsPz3LtZMUtIdiTRSiRRIE5h8Fw=",
    "last_login": null,
    "is_superuser": false,
    "username": "user29",
    "first_name": "",
    "last_name": "",
    "email": "user29@yaas.com",
    "is_staff": false,
    "is_active": true,
    "date_joined": "2017-10-12T12:47:31.382Z",
    "groups": [],
    "user_permissions": []
  }
},
{
  "model": "auth.user",
  "pk": 610,
  "fields": {
    "password": "pbkdf2_sha256$36000$pvVW8XUl5SPQ$2nqb8qb/yKCJaFdTrtF0UhLwFsrF47a8dqGbbc+u3Q8=",
    "last_login": null,
    "is_superuser": false,
    "username": "user30",
    "first_name": "",
    "last_name": "",
    "email": "user30@yaas.com",
    "is_staff": false,
    "is_active": true,
    "date_joined": "2017-10-12T12:47:31.760Z",
    "groups": [],
    "user_permissions": []
  }
},
{
  "model": "auth.user",
  "pk": 611,
  "fields": {
    "password": "pbkdf2_sha256$36000$4sPcUeZ9SDM5$0Mtb8wB/tLJoAjNcF+xJ1txLSKF7Lys19ikwxgEX26U=",
    "last_login": null,
    "is_superuser": false,
    "username": "user31",
    "first_name": "",
    "last_name": "",
    "email": "user31@yaas.com",
    "is_staff": false,
    "is_active": true,
    "date_joined": "2017-10-12T12:47:32.038Z",
    "groups": [],
    "user_permissions": []
  }
},
{
  "model": "auth.user",
  "pk": 612,
  "fields": {
    "password": "pbkdf2_sha256$36000$PdWNHc0IQOnz$Ykw+G5Wiu8sfzDq4pEYUgr+lkzQwKjlCqzuW9UQ9gxg=",
    "last_login": null,
    "is_superuser": false,
    "username": "user32",
    "first_name": "",
    "last_name": "",
    "email": "user32@yaas.com",
    "is_staff": false,
    "is_active": true,
    "date_joined": "2017-10-12T12:47:32.404Z",
    "groups": [],
    "user_permissions": []
  }
},
{
  "model": "auth.user",
  "pk": 613,
  "fields": {
    "password": "pbkdf2_sha256$36000$JbLvrp8x2aTh$QtyscOcF7Jnwi6/bazOEZJ3WiL0F4HzzMfgD+xORBlY=",
    "last_login": null,
    "is_superuser": false,
    "username": "user33",
    "first_name": "",
    "last_name": "",
    "email": "user33@yaas.com",
    "is_staff": false,
    "is_active": true,
    "date_joined": "2017-10-12T12:47:32.693Z",
    "groups": [],
    "user_permissions": []
  }
},
{
  "model": "auth.user",
  "pk": 614,
  "fields": {
    "password": "pbkdf2_sha256$36000$M9MoW9FR2Aqv$HRw98Ke8MO9EnzxRIIzC27+HzN0jIGiPn6VGrbluBc0=",
    "last_login": null,
    "is_superuser": false,
    "username": "user34",
    "first_name": "",
    "last_name": "",
    "email": "user34@yaas.com",
    "is_staff": false,
    "is_active": true,
    "date_joined": "2017-10-12T12:47:33.049Z",
    "groups": [],
    "user_permissions": []
  }
},
{
  "model": "auth.user",
  "pk": 615,
  "fields": {
    "password": "pbkdf2_sha256$36000$gqIYZvutsUBK$2ib9PePnR29EOgKzHh8YV9p76I1NjQ//4dpP342qzd0=",
    "last_login": null,
    "is_superuser": false,
    "username": "user35",
    "first_name": "",
    "last_name": "",
    "email": "user35@yaas.com",
    "is_staff": false,
    "is_active": true,
    "date_joined": "2017-10-12T12:47:33.505Z",
    "groups": [],
    "user_permissions": []
  }
},
{
  "model": "auth.user",
  "pk": 616,
  "fields": {
    "password": "pbkdf2_sha256$36000$sVIp57C9ivjo$g0aik5kAb+f0uViJAlL1Fi88082+vnmivHgngybzKJI=",
    "last_login": null,
    "is_superuser": false,
    "username": "user36",
    "first_name": "",
    "last_name": "",
    "email": "user36@yaas.com",
    "is_staff": false,
    "is_active": true,
    "date_joined": "2017-10-12T12:47:33.782Z",
    "groups": [],
    "user_permissions": []
  }
},
{
  "model": "auth.user",
  "pk": 617,
  "fields": {
    "password": "pbkdf2_sha256$36000$zJ5GSodPKK57$lMjCKPdbeN5ZfOxyX3XOx5YTF/Qp165DrcULuwqjjYs=",
    "last_login": null,
    "is_superuser": false,
    "username": "user37",
    "first_name": "",
    "last_name": "",
    "email": "user37@yaas.com",
    "is_staff": false,
    "is_active": true,
    "date_joined": "2017-10-12T12:47:34.050Z",
    "groups": [],
    "user_permissions": []
  }
},
{
  "model": "auth.user",
  "pk": 618,
  "fields": {
    "password": "pbkdf2_sha256$36000$SU7DGJPFrotK$1/90kOoI4QdfiOhD5dN2vg81B95yizSsydJsRgpwYJY=",
    "last_login": null,
    "is_superuser": false,
    "username": "user38",
    "first_name": "",
    "last_name": "",
    "email": "user38@yaas.com",
    "is_staff": false,
    "is_active": true,
    "date_joined": "2017-10-12T12:47:34.476Z",
    "groups": [],
    "user_permissions": []
  }
},
{
  "model": "auth.user",
  "pk": 619,
  "fields": {
    "password": "pbkdf2_sha256$36000$e8OXR8bxRi3h$fHM0sLV0ckserJ9zjwpy0/AqTVgKY33iVpNeU38PcwE=",
    "last_login": null,
    "is_superuser": false,
    "username": "user39",
    "first_name": "",
    "last_name": "",
    "email": "user39@yaas.com",
    "is_staff": false,
    "is_active": true,
    "date_joined": "2017-10-12T12:47:34.971Z",
    "groups": [],
    "user_permissions": []
  }
},
{
  "model": "auth.user",
  "pk": 620,
  "fields": {
    "password": "pbkdf2_sha256$36000$FZ8zIN7G6yyc$ruMXi/ZXRYBWiodhjd7ONoooXyrBoAaKw+TATl2QWfc=",
    "last_login": null,
    "is_superuser": false,
    "username": "user40",
    "first_name": "",
    "last_name": "",
    "email": "user40@yaas.com",
    "is_staff": false,
    "is_active": true,
    "date_joined": "2017-10-12T12:47:35.349Z",
    "groups": [],
    "user_permissions": []
  }
},
{
  "model": "auth.user",
  "pk": 621,
  "fields": {
    "password": "pbkdf2_sha256$36000$naPvCUhodgHb$z/RWNJn3+ZDMgfp3xz1hOxZbKgGpaXPKg+6L61eDtzU=",
    "last_login": null,
    "is_superuser": false,
    "username": "user41",
    "first_name": "",
    "last_name": "",
    "email": "user41@yaas.com",
    "is_staff": false,
    "is_active": true,
    "date_joined": "2017-10-12T12:47:35.826Z",
    "groups": [],
    "user_permissions": []
  }
},
{
  "model": "auth.user",
  "pk": 622,
  "fields": {
    "password": "pbkdf2_sha256$36000$mYV3mhsJ6o4h$Ey7rXtVrMe1hy4bPFEcBddNrWMtdjyax4BSwFgZCmJ0=",
    "last_login": null,
    "is_superuser": false,
    "username": "user42",
    "first_name": "",
    "last_name": "",
    "email": "user42@yaas.com",
    "is_staff": false,
    "is_active": true,
    "date_joined": "2017-10-12T12:47:36.261Z",
    "groups": [],
    "user_permissions": []
  }
},
{
  "model": "auth.user",
  "pk": 623,
  "fields": {
    "password": "pbkdf2_sha256$36000$6oZ11LfRlS7O$e+OKgzXh5U2/Bjz81YM42MCTWqmnE/c7Zka4KEuJQiQ=",
    "last_login": null,
    "is_superuser": false,
    "username": "user43",
    "first_name": "",
    "last_name": "",
    "email": "user43@yaas.com",
    "is_staff": false,
    "is_active": true,
    "date_joined": "2017-10-12T12:47:36.659Z",
    "groups": [],
    "user_permissions": []
  }
},
{
  "model": "auth.user",
  "pk": 624,
  "fields": {
    "password": "pbkdf2_sha256$36000$VqsaTQolVXuG$AqxDWi3ynE4ZT9WmhN2PDe8vE+z8VGU1yS41In+ieX4=",
    "last_login": null,
    "is_superuser": false,
    "username": "user44",
    "first_name": "",
    "last_name": "",
    "email": "user44@yaas.com",
    "is_staff": false,
    "is_active": true,
    "date_joined": "2017-10-12T12:47:37.127Z",
    "groups": [],
    "user_permissions": []
  }
},
{
  "model": "auth.user",
  "pk": 625,
  "fields": {
    "password": "pbkdf2_sha256$36000$xI63CVNWqmAO$uouR8jmwQ3JMKWQAjneDLcJ5f3u5QYWITCn/n8OIpN4=",
    "last_login": null,
    "is_superuser": false,
    "username": "user45",
    "first_name": "",
    "last_name": "",
    "email": "user45@yaas.com",
    "is_staff": false,
    "is_active": true,
    "date_joined": "2017-10-12T12:47:37.605Z",
    "groups": [],
    "user_permissions": []
  }
},
{
  "model": "auth.user",
  "pk": 626,
  "fields": {
    "password": "pbkdf2_sha256$36000$FahvkPP3iIMu$bVu/fLFjSoGzHqh0nYMZWewrdni7Kz8onip95epxi+c=",
    "last_login": null,
    "is_superuser": false,
    "username": "user46",
    "first_name": "",
    "last_name": "",
    "email": "user46@yaas.com",
    "is_staff": false,
    "is_active": true,
    "date_joined": "2017-10-12T12:47:38.171Z",
    "groups": [],
    "user_permissions": []
  }
},
{
  "model": "auth.user",
  "pk": 627,
  "fields": {
    "password": "pbkdf2_sha256$36000$VWiYvkWt1cUr$AK9ywd1dFBKGvIngYqzFkXdSIsNvIMmM9pJ0UVai0n8=",
    "last_login": null,
    "is_superuser": false,
    "username": "user47",
    "first_name": "",
    "last_name": "",
    "email": "user47@yaas.com",
    "is_staff": false,
    "is_active": true,
    "date_joined": "2017-10-12T12:47:38.759Z",
    "groups": [],
    "user_permissions": []
  }
},
{
  "model": "auth.user",
  "pk": 628,
  "fields": {
    "password": "pbkdf2_sha256$36000$3jheJn69oOW1$kC5grDF+x5y6J+C5kh3A9/eNAoBOoZkdeus1x8vyYbI=",
    "last_login": null,
    "is_superuser": false,
    "username": "user48",
    "first_name": "",
    "last_name": "",
    "email": "user48@yaas.com",
    "is_staff": false,
    "is_active": true,
    "date_joined": "2017-10-12T12:47:39.393Z",
    "groups": [],
    "user_permissions": []
  }
},
{
  "model": "auth.user",
  "pk": 629,
  "fields": {
    "password": "pbkdf2_sha256$36000$xA3tPPP3qRCu$rXnqBWsrn18oizU/qKorY99RTc5jPjYSV/ikPQv7aiQ=",
    "last_login": null,
    "is_superuser": false,
    "username": "user49",
    "first_name": "",
    "last_name": "",
    "email": "user49@yaas.com",
    "is_staff": false,
    "is_active": true,
    "date_joined": "2017-10-12T12:47:40.172Z",
    "groups": [],
    "user_permissions": []
  }
},
{
  "model": "auth.user",
  "pk": 630,
  "fields": {
    "password": "pbkdf2_sha256$36000$j81lHgCgHrPU$NhKJgXdjIMEkF/pd/VkL+01pBShG9gejF1vQMe0jdCY=",
    "last_login": null,
    "is_superuser": false,
    "username": "user50",
    "first_name": "",
    "last_name": "",
    "email": "user50@yaas.com",
    "is_staff": false,
    "is_active": true,
    "date_joined": "2017-10-12T12:47:40.527Z",
    "groups": [],
    "user_permissions": []
  }
},
{
  "model": "auctions.bid",
  "pk": 75,
  "fields": {
    "bidder": 582,
    "bid_amount": "0.06",
    "auction": 409
  }
},
{
  "model": "auctions.bid",
  "pk": 76,
  "fields": {
    "bidder": 583,
    "bid_amount": "0.06",
    "auction": 408
  }
},
{
  "model": "auctions.bid",
  "pk": 77,
  "fields": {
    "bidder": 584,
    "bid_amount": "0.06",
    "auction": 407
  }
},
{
  "model": "auctions.bid",
  "pk": 78,
  "fields": {
    "bidder": 585,
    "bid_amount": "0.06",
    "auction": 406
  }
},
{
  "model": "auctions.bid",
  "pk": 79,
  "fields": {
    "bidder": 586,
    "bid_amount": "0.06",
    "auction": 405
  }
},
{
  "model": "auctions.bid",
  "pk": 80,
  "fields": {
    "bidder": 587,
    "bid_amount": "0.06",
    "auction": 404
  }
},
{
  "model": "auctions.bid",
  "pk": 81,
  "fields": {
    "bidder": 588,
    "bid_amount": "0.06",
    "auction": 403
  }
},
{
  "model": "auctions.bid",
  "pk": 82,
  "fields": {
    "bidder": 589,
    "bid_amount": "0.06",
    "auction": 402
  }
},
{
  "model": "auctions.bid",
  "pk": 83,
  "fields": {
    "bidder": 590,
    "bid_amount": "0.06",
    "auction": 401
  }
},
{
  "model": "auctions.bid",
  "pk": 84,
  "fields": {
    "bidder": 591,
    "bid_amount": "0.06",
    "auction": 400
  }
},
{
  "model": "auctions.auction",
  "pk": 360,
  "fields": {
    "seller": 581,
    "title": "title 1",
    "description": "description of item 1",
    "currency": "",
    "edit_token": "20171012124740OjxenkDicqAA",
    "starting_price": "0.05",
    "bid_price": null,
    "winner_id": null,
    "start_date": "2017-10-12T12:47:40.811Z",
    "duration_hours": 720,
    "end_date": "2017-11-11T12:47:40.811Z",
    "status": "Active",
    "revision": 1
  }
},
{
  "model": "auctions.auction",
  "pk": 361,
  "fields": {
    "seller": 582,
    "title": "title 2",
    "description": "description of item 2",
    "currency": "",
    "edit_token": "20171012124740UO77kTIlzzlv",
    "starting_price": "0.05",
    "bid_price": null,
    "winner_id": null,
    "start_date": "2017-10-12T12:47:40.938Z",
    "duration_hours": 720,
    "end_date": "2017-11-11T12:47:40.938Z",
    "status": "Active",
    "revision": 1
  }
},
{
  "model": "auctions.auction",
  "pk": 362,
  "fields": {
    "seller": 583,
    "title": "title 3",
    "description": "description of item 3",
    "currency": "",
    "edit_token": "20171012124741fTzYhoMZr9Sv",
    "starting_price": "0.05",
    "bid_price": null,
    "winner_id": null,
    "start_date": "2017-10-12T12:47:41.092Z",
    "duration_hours": 720,
    "end_date": "2017-11-11T12:47:41.092Z",
    "status": "Active",
    "revision": 1
  }
},
{
  "model": "auctions.auction",
  "pk": 363,
  "fields": {
    "seller": 584,
    "title": "title 4",
    "description": "description of item 4",
    "currency": "",
    "edit_token": "20171012124741AIb2Y7D1kdYD",
    "starting_price": "0.05",
    "bid_price": null,
    "winner_id": null,
    "start_date": "2017-10-12T12:47:41.221Z",
    "duration_hours": 720,
    "end_date": "2017-11-11T12:47:41.221Z",
    "status": "Active",
    "revision": 1
  }
},
{
  "model": "auctions.auction",
  "pk": 364,
  "fields": {
    "seller": 585,
    "title": "title 5",
    "description": "description of item 5",
    "currency": "",
    "edit_token": "20171012124741gUj2JLcnG67K",
    "starting_price": "0.05",
    "bid_price": null,
    "winner_id": null,
    "start_date": "2017-10-12T12:47:41.349Z",
    "duration_hours": 720,
    "end_date": "2017-11-11T12:47:41.349Z",
    "status": "Active",
    "revision": 1
  }
},
{
  "model": "auctions.auction",
  "pk": 365,
  "fields": {
    "seller": 586,
    "title": "title 6",
    "description": "description of item 6",
    "currency": "",
    "edit_token": "20171012124741D81Bb6TU1f5n",
    "starting_price": "0.05",
    "bid_price": null,
    "winner_id": null,
    "start_date": "2017-10-12T12:47:41.487Z",
    "duration_hours": 720,
    "end_date": "2017-11-11T12:47:41.487Z",
    "status": "Active",
    "revision": 1
  }
},
{
  "model": "auctions.auction",
  "pk": 366,
  "fields": {
    "seller": 587,
    "title": "title 7",
    "description": "description of item 7",
    "currency": "",
    "edit_token": "20171012124741TFFK1YUkeX6x",
    "starting_price": "0.05",
    "bid_price": null,
    "winner_id": null,
    "start_date": "2017-10-12T12:47:41.615Z",
    "duration_hours": 720,
    "end_date": "2017-11-11T12:47:41.615Z",
    "status": "Active",
    "revision": 1
  }
},
{
  "model": "auctions.auction",
  "pk": 367,
  "fields": {
    "seller": 588,
    "title": "title 8",
    "description": "description of item 8",
    "currency": "",
    "edit_token": "20171012124741ZVQiTKMzNpYe",
    "starting_price": "0.05",
    "bid_price": null,
    "winner_id": null,
    "start_date": "2017-10-12T12:47:41.755Z",
    "duration_hours": 720,
    "end_date": "2017-11-11T12:47:41.755Z",
    "status": "Active",
    "revision": 1
  }
},
{
  "model": "auctions.auction",
  "pk": 368,
  "fields": {
    "seller": 589,
    "title": "title 9",
    "description": "description of item 9",
    "currency": "",
    "edit_token": "20171012124741XxKyddQVGbWJ",
    "starting_price": "0.05",
    "bid_price": null,
    "winner_id": null,
    "start_date": "2017-10-12T12:47:41.911Z",
    "duration_hours": 720,
    "end_date": "2017-11-11T12:47:41.911Z",
    "status": "Active",
    "revision": 1
  }
},
{
  "model": "auctions.auction",
  "pk": 369,
  "fields": {
    "seller": 590,
    "title": "title 10",
    "description": "description of item 10",
    "currency": "",
    "edit_token": "20171012124742rOXfrin398PT",
    "starting_price": "0.05",
    "bid_price": null,
    "winner_id": null,
    "start_date": "2017-10-12T12:47:42.054Z",
    "duration_hours": 720,
    "end_date": "2017-11-11T12:47:42.054Z",
    "status": "Active",
    "revision": 1
  }
},
{
  "model": "auctions.auction",
  "pk": 370,
  "fields": {
    "seller": 591,
    "title": "title 11",
    "description": "description of item 11",
    "currency": "",
    "edit_token": "20171012124742jBUUlx82nPeb",
    "starting_price": "0.05",
    "bid_price": null,
    "winner_id": null,
    "start_date": "2017-10-12T12:47:42.256Z",
    "duration_hours": 720,
    "end_date": "2017-11-11T12:47:42.256Z",
    "status": "Active",
    "revision": 1
  }
},
{
  "model": "auctions.auction",
  "pk": 371,
  "fields": {
    "seller": 592,
    "title": "title 12",
    "description": "description of item 12",
    "currency": "",
    "edit_token": "20171012124742aypOGIWg1TvZ",
    "starting_price": "0.05",
    "bid_price": null,
    "winner_id": null,
    "start_date": "2017-10-12T12:47:42.438Z",
    "duration_hours": 720,
    "end_date": "2017-11-11T12:47:42.438Z",
    "status": "Active",
    "revision": 1
  }
},
{
  "model": "auctions.auction",
  "pk": 372,
  "fields": {
    "seller": 593,
    "title": "title 13",
    "description": "description of item 13",
    "currency": "",
    "edit_token": "201710121247428yQ4CDxCcZzi",
    "starting_price": "0.05",
    "bid_price": null,
    "winner_id": null,
    "start_date": "2017-10-12T12:47:42.637Z",
    "duration_hours": 720,
    "end_date": "2017-11-11T12:47:42.637Z",
    "status": "Active",
    "revision": 1
  }
},
{
  "model": "auctions.auction",
  "pk": 373,
  "fields": {
    "seller": 594,
    "title": "title 14",
    "description": "description of item 14",
    "currency": "",
    "edit_token": "20171012124742vA2oh1WeuJAj",
    "starting_price": "0.05",
    "bid_price": null,
    "winner_id": null,
    "start_date": "2017-10-12T12:47:42.748Z",
    "duration_hours": 720,
    "end_date": "2017-11-11T12:47:42.748Z",
    "status": "Active",
    "revision": 1
  }
},
{
  "model": "auctions.auction",
  "pk": 374,
  "fields": {
    "seller": 595,
    "title": "title 15",
    "description": "description of item 15",
    "currency": "",
    "edit_token": "201710121247420vVpr5BW13GD",
    "starting_price": "0.05",
    "bid_price": null,
    "winner_id": null,
    "start_date": "2017-10-12T12:47:42.861Z",
    "duration_hours": 720,
    "end_date": "2017-11-11T12:47:42.861Z",
    "status": "Active",
    "revision": 1
  }
},
{
  "model": "auctions.auction",
  "pk": 375,
  "fields": {
    "seller": 596,
    "title": "title 16",
    "description": "description of item 16",
    "currency": "",
    "edit_token": "201710121247437T7PuCLlJt72",
    "starting_price": "0.05",
    "bid_price": null,
    "winner_id": null,
    "start_date": "2017-10-12T12:47:43.009Z",
    "duration_hours": 720,
    "end_date": "2017-11-11T12:47:43.009Z",
    "status": "Active",
    "revision": 1
  }
},
{
  "model": "auctions.auction",
  "pk": 376,
  "fields": {
    "seller": 597,
    "title": "title 17",
    "description": "description of item 17",
    "currency": "",
    "edit_token": "20171012124743s25tvLrXc6U9",
    "starting_price": "0.05",
    "bid_price": null,
    "winner_id": null,
    "start_date": "2017-10-12T12:47:43.126Z",
    "duration_hours": 720,
    "end_date": "2017-11-11T12:47:43.126Z",
    "status": "Active",
    "revision": 1
  }
},
{
  "model": "auctions.auction",
  "pk": 377,
  "fields": {
    "seller": 598,
    "title": "title 18",
    "description": "description of item 18",
    "currency": "",
    "edit_token": "20171012124743DNIp7N6Kcvbq",
    "starting_price": "0.05",
    "bid_price": null,
    "winner_id": null,
    "start_date": "2017-10-12T12:47:43.243Z",
    "duration_hours": 720,
    "end_date": "2017-11-11T12:47:43.243Z",
    "status": "Active",
    "revision": 1
  }
},
{
  "model": "auctions.auction",
  "pk": 378,
  "fields": {
    "seller": 599,
    "title": "title 19",
    "description": "description of item 19",
    "currency": "",
    "edit_token": "20171012124743E6PDyjXXTioK",
    "starting_price": "0.05",
    "bid_price": null,
    "winner_id": null,
    "start_date": "2017-10-12T12:47:43.474Z",
    "duration_hours": 720,
    "end_date": "2017-11-11T12:47:43.474Z",
    "status": "Active",
    "revision": 1
  }
},
{
  "model": "auctions.auction",
  "pk": 379,
  "fields": {
    "seller": 600,
    "title": "title 20",
    "description": "description of item 20",
    "currency": "",
    "edit_token": "20171012124743dqrK8ROBc3zF",
    "starting_price": "0.05",
    "bid_price": null,
    "winner_id": null,
    "start_date": "2017-10-12T12:47:43.587Z",
    "duration_hours": 720,
    "end_date": "2017-11-11T12:47:43.587Z",
    "status": "Active",
    "revision": 1
  }
},
{
  "model": "auctions.auction",
  "pk": 380,
  "fields": {
    "seller": 601,
    "title": "title 21",
    "description": "description of item 21",
    "currency": "",
    "edit_token": "20171012124743S7zJJSmYyWpe",
    "starting_price": "0.05",
    "bid_price": null,
    "winner_id": null,
    "start_date": "2017-10-12T12:47:43.703Z",
    "duration_hours": 720,
    "end_date": "2017-11-11T12:47:43.703Z",
    "status": "Active",
    "revision": 1
  }
},
{
  "model": "auctions.auction",
  "pk": 381,
  "fields": {
    "seller": 602,
    "title": "title 22",
    "description": "description of item 22",
    "currency": "",
    "edit_token": "20171012124743SQu1p15ivuSU",
    "starting_price": "0.05",
    "bid_price": null,
    "winner_id": null,
    "start_date": "2017-10-12T12:47:43.820Z",
    "duration_hours": 720,
    "end_date": "2017-11-11T12:47:43.820Z",
    "status": "Active",
    "revision": 1
  }
},
{
  "model": "auctions.auction",
  "pk": 382,
  "fields": {
    "seller": 603,
    "title": "title 23",
    "description": "description of item 23",
    "currency": "",
    "edit_token": "20171012124743feScwrn95WiT",
    "starting_price": "0.05",
    "bid_price": null,
    "winner_id": null,
    "start_date": "2017-10-12T12:47:43.966Z",
    "duration_hours": 720,
    "end_date": "2017-11-11T12:47:43.966Z",
    "status": "Active",
    "revision": 1
  }
},
{
  "model": "auctions.auction",
  "pk": 383,
  "fields": {
    "seller": 604,
    "title": "title 24",
    "description": "description of item 24",
    "currency": "",
    "edit_token": "201710121247441lc43odbKX4c",
    "starting_price": "0.05",
    "bid_price": null,
    "winner_id": null,
    "start_date": "2017-10-12T12:47:44.082Z",
    "duration_hours": 720,
    "end_date": "2017-11-11T12:47:44.082Z",
    "status": "Active",
    "revision": 1
  }
},
{
  "model": "auctions.auction",
  "pk": 384,
  "fields": {
    "seller": 605,
    "title": "title 25",
    "description": "description of item 25",
    "currency": "",
    "edit_token": "20171012124744v2F3CY114aF6",
    "starting_price": "0.05",
    "bid_price": null,
    "winner_id": null,
    "start_date": "2017-10-12T12:47:44.212Z",
    "duration_hours": 720,
    "end_date": "2017-11-11T12:47:44.212Z",
    "status": "Active",
    "revision": 1
  }
},
{
  "model": "auctions.auction",
  "pk": 385,
  "fields": {
    "seller": 606,
    "title": "title 26",
    "description": "description of item 26",
    "currency": "",
    "edit_token": "20171012124744IEO3irnRB58H",
    "starting_price": "0.05",
    "bid_price": null,
    "winner_id": null,
    "start_date": "2017-10-12T12:47:44.335Z",
    "duration_hours": 720,
    "end_date": "2017-11-11T12:47:44.335Z",
    "status": "Active",
    "revision": 1
  }
},
{
  "model": "auctions.auction",
  "pk": 386,
  "fields": {
    "seller": 607,
    "title": "title 27",
    "description": "description of item 27",
    "currency": "",
    "edit_token": "20171012124744rvz3Akr00gPf",
    "starting_price": "0.05",
    "bid_price": null,
    "winner_id": null,
    "start_date": "2017-10-12T12:47:44.689Z",
    "duration_hours": 720,
    "end_date": "2017-11-11T12:47:44.689Z",
    "status": "Active",
    "revision": 1
  }
},
{
  "model": "auctions.auction",
  "pk": 387,
  "fields": {
    "seller": 608,
    "title": "title 28",
    "description": "description of item 28",
    "currency": "",
    "edit_token": "20171012124744H8JWpccXSeQS",
    "starting_price": "0.05",
    "bid_price": null,
    "winner_id": null,
    "start_date": "2017-10-12T12:47:44.821Z",
    "duration_hours": 720,
    "end_date": "2017-11-11T12:47:44.821Z",
    "status": "Active",
    "revision": 1
  }
},
{
  "model": "auctions.auction",
  "pk": 388,
  "fields": {
    "seller": 609,
    "title": "title 29",
    "description": "description of item 29",
    "currency": "",
    "edit_token": "20171012124744vcdqBD60LuWm",
    "starting_price": "0.05",
    "bid_price": null,
    "winner_id": null,
    "start_date": "2017-10-12T12:47:44.959Z",
    "duration_hours": 720,
    "end_date": "2017-11-11T12:47:44.959Z",
    "status": "Active",
    "revision": 1
  }
},
{
  "model": "auctions.auction",
  "pk": 389,
  "fields": {
    "seller": 610,
    "title": "title 30",
    "description": "description of item 30",
    "currency": "",
    "edit_token": "201710121247454UbihyEda1QD",
    "starting_price": "0.05",
    "bid_price": null,
    "winner_id": null,
    "start_date": "2017-10-12T12:47:45.131Z",
    "duration_hours": 720,
    "end_date": "2017-11-11T12:47:45.131Z",
    "status": "Active",
    "revision": 1
  }
},
{
  "model": "auctions.auction",
  "pk": 390,
  "fields": {
    "seller": 611,
    "title": "title 31",
    "description": "description of item 31",
    "currency": "",
    "edit_token": "20171012124745PDLivI09DwSQ",
    "starting_price": "0.05",
    "bid_price": null,
    "winner_id": null,
    "start_date": "2017-10-12T12:47:45.249Z",
    "duration_hours": 720,
    "end_date": "2017-11-11T12:47:45.249Z",
    "status": "Active",
    "revision": 1
  }
},
{
  "model": "auctions.auction",
  "pk": 391,
  "fields": {
    "seller": 612,
    "title": "title 32",
    "description": "description of item 32",
    "currency": "",
    "edit_token": "20171012124745e4Hgd9tw8L91",
    "starting_price": "0.05",
    "bid_price": null,
    "winner_id": null,
    "start_date": "2017-10-12T12:47:45.509Z",
    "duration_hours": 720,
    "end_date": "2017-11-11T12:47:45.509Z",
    "status": "Active",
    "revision": 1
  }
},
{
  "model": "auctions.auction",
  "pk": 392,
  "fields": {
    "seller": 613,
    "title": "title 33",
    "description": "description of item 33",
    "currency": "",
    "edit_token": "20171012124745MOddtFCASMzf",
    "starting_price": "0.05",
    "bid_price": null,
    "winner_id": null,
    "start_date": "2017-10-12T12:47:45.790Z",
    "duration_hours": 720,
    "end_date": "2017-11-11T12:47:45.790Z",
    "status": "Active",
    "revision": 1
  }
},
{
  "model": "auctions.auction",
  "pk": 393,
  "fields": {
    "seller": 614,
    "title": "title 34",
    "description": "description of item 34",
    "currency": "",
    "edit_token": "20171012124745eiTfD2iT3Pg9",
    "starting_price": "0.05",
    "bid_price": null,
    "winner_id": null,
    "start_date": "2017-10-12T12:47:45.971Z",
    "duration_hours": 720,
    "end_date": "2017-11-11T12:47:45.971Z",
    "status": "Active",
    "revision": 1
  }
},
{
  "model": "auctions.auction",
  "pk": 394,
  "fields": {
    "seller": 615,
    "title": "title 35",
    "description": "description of item 35",
    "currency": "",
    "edit_token": "20171012124746qABF1LyZpDZS",
    "starting_price": "0.05",
    "bid_price": null,
    "winner_id": null,
    "start_date": "2017-10-12T12:47:46.167Z",
    "duration_hours": 720,
    "end_date": "2017-11-11T12:47:46.167Z",
    "status": "Active",
    "revision": 1
  }
},
{
  "model": "auctions.auction",
  "pk": 395,
  "fields": {
    "seller": 616,
    "title": "title 36",
    "description": "description of item 36",
    "currency": "",
    "edit_token": "2017101212474685dI4ZSy8cTD",
    "starting_price": "0.05",
    "bid_price": null,
    "winner_id": null,
    "start_date": "2017-10-12T12:47:46.339Z",
    "duration_hours": 720,
    "end_date": "2017-11-11T12:47:46.339Z",
    "status": "Active",
    "revision": 1
  }
},
{
  "model": "auctions.auction",
  "pk": 396,
  "fields": {
    "seller": 617,
    "title": "title 37",
    "description": "description of item 37",
    "currency": "",
    "edit_token": "20171012124746tNaknBNT0KI1",
    "starting_price": "0.05",
    "bid_price": null,
    "winner_id": null,
    "start_date": "2017-10-12T12:47:46.698Z",
    "duration_hours": 720,
    "end_date": "2017-11-11T12:47:46.698Z",
    "status": "Active",
    "revision": 1
  }
},
{
  "model": "auctions.auction",
  "pk": 397,
  "fields": {
    "seller": 618,
    "title": "title 38",
    "description": "description of item 38",
    "currency": "",
    "edit_token": "20171012124746lAik5wiOWGrx",
    "starting_price": "0.05",
    "bid_price": null,
    "winner_id": null,
    "start_date": "2017-10-12T12:47:46.816Z",
    "duration_hours": 720,
    "end_date": "2017-11-11T12:47:46.816Z",
    "status": "Active",
    "revision": 1
  }
},
{
  "model": "auctions.auction",
  "pk": 398,
  "fields": {
    "seller": 619,
    "title": "title 39",
    "description": "description of item 39",
    "currency": "",
    "edit_token": "20171012124747Q9PevGWwYPYD",
    "starting_price": "0.05",
    "bid_price": null,
    "winner_id": null,
    "start_date": "2017-10-12T12:47:47.061Z",
    "duration_hours": 720,
    "end_date": "2017-11-11T12:47:47.061Z",
    "status": "Active",
    "revision": 1
  }
},
{
  "model": "auctions.auction",
  "pk": 399,
  "fields": {
    "seller": 620,
    "title": "title 40",
    "description": "description of item 40",
    "currency": "",
    "edit_token": "201710121247476vBS2sBQ4H2c",
    "starting_price": "0.05",
    "bid_price": null,
    "winner_id": null,
    "start_date": "2017-10-12T12:47:47.187Z",
    "duration_hours": 720,
    "end_date": "2017-11-11T12:47:47.187Z",
    "status": "Active",
    "revision": 1
  }
},
{
  "model": "auctions.auction",
  "pk": 400,
  "fields": {
    "seller": 621,
    "title": "title 41",
    "description": "description of item 41",
    "currency": "",
    "edit_token": "20171012124747LVgHWcWtecUH",
    "starting_price": "0.05",
    "bid_price": "0.06",
    "winner_id": 591,
    "start_date": "2017-10-12T12:47:47.416Z",
    "duration_hours": 720,
    "end_date": "2017-11-11T12:47:47.416Z",
    "status": "Active",
    "revision": 1
  }
},
{
  "model": "auctions.auction",
  "pk": 401,
  "fields": {
    "seller": 622,
    "title": "title 42",
    "description": "description of item 42",
    "currency": "",
    "edit_token": "20171012124747fd8fY3lI7BuS",
    "starting_price": "0.05",
    "bid_price": "0.06",
    "winner_id": 590,
    "start_date": "2017-10-12T12:47:47.672Z",
    "duration_hours": 720,
    "end_date": "2017-11-11T12:47:47.672Z",
    "status": "Active",
    "revision": 1
  }
},
{
  "model": "auctions.auction",
  "pk": 402,
  "fields": {
    "seller": 623,
    "title": "title 43",
    "description": "description of item 43",
    "currency": "",
    "edit_token": "20171012124747GywDuM6ZDYbJ",
    "starting_price": "0.05",
    "bid_price": "0.06",
    "winner_id": 589,
    "start_date": "2017-10-12T12:47:47.798Z",
    "duration_hours": 720,
    "end_date": "2017-11-11T12:47:47.798Z",
    "status": "Active",
    "revision": 1
  }
},
{
  "model": "auctions.auction",
  "pk": 403,
  "fields": {
    "seller": 624,
    "title": "title 44",
    "description": "description of item 44",
    "currency": "",
    "edit_token": "201710121247485AEeTQtEQxAl",
    "starting_price": "0.05",
    "bid_price": "0.06",
    "winner_id": 588,
    "start_date": "2017-10-12T12:47:48.109Z",
    "duration_hours": 720,
    "end_date": "2017-11-11T12:47:48.109Z",
    "status": "Active",
    "revision": 1
  }
},
{
  "model": "auctions.auction",
  "pk": 404,
  "fields": {
    "seller": 625,
    "title": "title 45",
    "description": "description of item 45",
    "currency": "",
    "edit_token": "20171012124748swkrIxE0fkF4",
    "starting_price": "0.05",
    "bid_price": "0.06",
    "winner_id": 587,
    "start_date": "2017-10-12T12:47:48.451Z",
    "duration_hours": 720,
    "end_date": "2017-11-11T12:47:48.451Z",
    "status": "Active",
    "revision": 1
  }
},
{
  "model": "auctions.auction",
  "pk": 405,
  "fields": {
    "seller": 626,
    "title": "title 46",
    "description": "description of item 46",
    "currency": "",
    "edit_token": "20171012124748Zy1A3EJrf4or",
    "starting_price": "0.05",
    "bid_price": "0.06",
    "winner_id": 586,
    "start_date": "2017-10-12T12:47:48.684Z",
    "duration_hours": 720,
    "end_date": "2017-11-11T12:47:48.684Z",
    "status": "Active",
    "revision": 1
  }
},
{
  "model": "auctions.auction",
  "pk": 406,
  "fields": {
    "seller": 627,
    "title": "title 47",
    "description": "description of item 47",
    "currency": "",
    "edit_token": "20171012124748uMr1uCbPomqJ",
    "starting_price": "0.05",
    "bid_price": "0.06",
    "winner_id": 585,
    "start_date": "2017-10-12T12:47:48.943Z",
    "duration_hours": 720,
    "end_date": "2017-11-11T12:47:48.943Z",
    "status": "Active",
    "revision": 1
  }
},
{
  "model": "auctions.auction",
  "pk": 407,
  "fields": {
    "seller": 628,
    "title": "title 48",
    "description": "description of item 48",
    "currency": "",
    "edit_token": "20171012124749UTf8LjhHMyoK",
    "starting_price": "0.05",
    "bid_price": "0.06",
    "winner_id": 584,
    "start_date": "2017-10-12T12:47:49.225Z",
    "duration_hours": 720,
    "end_date": "2017-11-11T12:47:49.225Z",
    "status": "Active",
    "revision": 1
  }
},
{
  "model": "auctions.auction",
  "pk": 408,
  "fields": {
    "seller": 629,
    "title": "title 49",
    "description": "description of item 49",
    "currency": "",
    "edit_token": "201710121247492pygpSUp4oFU",
    "starting_price": "0.05",
    "bid_price": "0.06",
    "winner_id": 583,
    "start_date": "2017-10-12T12:47:49.476Z",
    "duration_hours": 720,
    "end_date": "2017-11-11T12:47:49.476Z",
    "status": "Active",
    "revision": 1
  }
},
{
  "model": "auctions.auction",
  "pk": 409,
  "fields": {
    "seller": 630,
    "title": "title 50",
    "description": "description of item 50",
    "currency": "",
    "edit_token": "20171012124749zhd9xNi9MgIp",
    "starting_price": "0.05",
    "bid_price": "0.06",
    "winner_id": 582,
    "start_date": "2017-10-12T12:47:49.660Z",
    "duration_hours": 720,
    "end_date": "2017-11-11T12:47:49.660Z",
    "status": "Active",
    "revision": 1
  }
},
{
  "model": "auctions.profile",
  "pk": 574,
  "fields": {
    "user": 580,
    "language": "en"
  }
},
{
  "model": "auctions.profile",
  "pk": 575,
  "fields": {
    "user": 581,
    "language": "en"
  }
},
{
  "model": "auctions.profile",
  "pk": 576,
  "fields": {
    "user": 582,
    "language": "en"
  }
},
{
  "model": "auctions.profile",
  "pk": 577,
  "fields": {
    "user": 583,
    "language": "en"
  }
},
{
  "model": "auctions.profile",
  "pk": 578,
  "fields": {
    "user": 584,
    "language": "en"
  }
},
{
  "model": "auctions.profile",
  "pk": 579,
  "fields": {
    "user": 585,
    "language": "en"
  }
},
{
  "model": "auctions.profile",
  "pk": 580,
  "fields": {
    "user": 586,
    "language": "en"
  }
},
{
  "model": "auctions.profile",
  "pk": 581,
  "fields": {
    "user": 587,
    "language": "en"
  }
},
{
  "model": "auctions.profile",
  "pk": 582,
  "fields": {
    "user": 588,
    "language": "en"
  }
},
{
  "model": "auctions.profile",
  "pk": 583,
  "fields": {
    "user": 589,
    "language": "en"
  }
},
{
  "model": "auctions.profile",
  "pk": 584,
  "fields": {
    "user": 590,
    "language": "en"
  }
},
{
  "model": "auctions.profile",
  "pk": 585,
  "fields": {
    "user": 591,
    "language": "en"
  }
},
{
  "model": "auctions.profile",
  "pk": 586,
  "fields": {
    "user": 592,
    "language": "en"
  }
},
{
  "model": "auctions.profile",
  "pk": 587,
  "fields": {
    "user": 593,
    "language": "en"
  }
},
{
  "model": "auctions.profile",
  "pk": 588,
  "fields": {
    "user": 594,
    "language": "en"
  }
},
{
  "model": "auctions.profile",
  "pk": 589,
  "fields": {
    "user": 595,
    "language": "en"
  }
},
{
  "model": "auctions.profile",
  "pk": 590,
  "fields": {
    "user": 596,
    "language": "en"
  }
},
{
  "model": "auctions.profile",
  "pk": 591,
  "fields": {
    "user": 597,
    "language": "en"
  }
},
{
  "model": "auctions.profile",
  "pk": 592,
  "fields": {
    "user": 598,
    "language": "en"
  }
},
{
  "model": "auctions.profile",
  "pk": 593,
  "fields": {
    "user": 599,
    "language": "en"
  }
},
{
  "model": "auctions.profile",
  "pk": 594,
  "fields": {
    "user": 600,
    "language": "en"
  }
},
{
  "model": "auctions.profile",
  "pk": 595,
  "fields": {
    "user": 601,
    "language": "en"
  }
},
{
  "model": "auctions.profile",
  "pk": 596,
  "fields": {
    "user": 602,
    "language": "en"
  }
},
{
  "model": "auctions.profile",
  "pk": 597,
  "fields": {
    "user": 603,
    "language": "en"
  }
},
{
  "model": "auctions.profile",
  "pk": 598,
  "fields": {
    "user": 604,
    "language": "en"
  }
},
{
  "model": "auctions.profile",
  "pk": 599,
  "fields": {
    "user": 605,
    "language": "en"
  }
},
{
  "model": "auctions.profile",
  "pk": 600,
  "fields": {
    "user": 606,
    "language": "en"
  }
},
{
  "model": "auctions.profile",
  "pk": 601,
  "fields": {
    "user": 607,
    "language": "en"
  }
},
{
  "model": "auctions.profile",
  "pk": 602,
  "fields": {
    "user": 608,
    "language": "en"
  }
},
{
  "model": "auctions.profile",
  "pk": 603,
  "fields": {
    "user": 609,
    "language": "en"
  }
},
{
  "model": "auctions.profile",
  "pk": 604,
  "fields": {
    "user": 610,
    "language": "en"
  }
},
{
  "model": "auctions.profile",
  "pk": 605,
  "fields": {
    "user": 611,
    "language": "en"
  }
},
{
  "model": "auctions.profile",
  "pk": 606,
  "fields": {
    "user": 612,
    "language": "en"
  }
},
{
  "model": "auctions.profile",
  "pk": 607,
  "fields": {
    "user": 613,
    "language": "en"
  }
},
{
  "model": "auctions.profile",
  "pk": 608,
  "fields": {
    "user": 614,
    "language": "en"
  }
},
{
  "model": "auctions.profile",
  "pk": 609,
  "fields": {
    "user": 615,
    "language": "en"
  }
},
{
  "model": "auctions.profile",
  "pk": 610,
  "fields": {
    "user": 616,
    "language": "en"
  }
},
{
  "model": "auctions.profile",
  "pk": 611,
  "fields": {
    "user": 617,
    "language": "en"
  }
},
{
  "model": "auctions.profile",
  "pk": 612,
  "fields": {
    "user": 618,
    "language": "en"
  }
},
{
  "model": "auctions.profile",
  "pk": 613,
  "fields": {
    "user": 619,
    "language": "en"
  }
},
{
  "model": "auctions.profile",
  "pk": 614,
  "fields": {
    "user": 620,
    "language": "en"
  }
},
{
  "model": "auctions.profile",
  "pk": 615,
  "fields": {
    "user": 621,
    "language": "en"
  }
},
{
  "model": "auctions.profile",
  "pk": 616,
  "fields": {
    "user": 622,
    "language": "en"
  }
},
{
  "model": "auctions.profile",
  "pk": 617,
  "fields": {
    "user": 623,
    "language": "en"
  }
},
{
  "model": "auctions.profile",
  "pk": 618,
  "fields": {
    "user": 624,
    "language": "en"
  }
},
{
  "model": "auctions.profile",
  "pk": 619,
  "fields": {
    "user": 625,
    "language": "en"
  }
},
{
  "model": "auctions.profile",
  "pk": 620,
  "fields": {
    "user": 626,
    "language": "en"
  }
},
{
  "model": "auctions.profile",
  "pk": 621,
  "fields": {
    "user": 627,
    "language": "en"
  }
},
{
  "model": "auctions.profile",
  "pk": 622,
  "fields": {
    "user": 628,
    "language": "en"
  }
},
{
  "model": "auctions.profile",
  "pk": 623,
  "fields": {
    "user": 629,
    "language": "en"
  }
},
{
  "model": "auctions.profile",
  "pk": 624,
  "fields": {
    "user": 630,
    "language": "en"
  }
}
]
